Metric,Value,P_Value
Underemp Okun β,0.0006400216221646962,0.9985855194728539
Unemp Okun β,-0.0061832970459356745,0.4706925315498208
Post-crisis ADF p,0.024415024015158045,0.024415024015158045
